,LIMIT_BAL,SEX,EDUCATION,MARRIAGE,AGE,PAY_0,PAY_2,PAY_3,PAY_4,PAY_5,PAY_6,BILL_AMT1,BILL_AMT2,BILL_AMT3,BILL_AMT4,BILL_AMT5,BILL_AMT6,PAY_AMT1,PAY_AMT2,PAY_AMT3,PAY_AMT4,PAY_AMT5,PAY_AMT6,default_payment_next_month
count,400.0,400.0,400.0,400.0,400.0,400.0,400.0,400.0,400.0,400.0,400.0,400.0,400.0,400.0,400.0,400.0,400.0,400.0,400.0,400.0,400.0,400.0,400.0,400.0
mean,169250.0,1.5975,3.2275,1.6175,34.835,0.035,-0.16,-0.14,-0.2425,-0.225,-0.3,51958.8275,50579.235,47031.3625,42470.2625,40279.7525,38563.3925,5568.7575,5533.425,3700.625,4633.91,5606.47,6826.4725,0.215
std,129517.85470241851,0.49101577492792453,0.7155583900170618,0.5261995485671578,9.11924759460611,1.1820609842246148,1.2463078303613637,1.3284622802605979,1.2659780808738883,1.252316149919169,1.2098178159829165,75861.28588452002,75479.6298721972,73835.88020434217,74949.96624280821,67712.1106281257,68588.65496829152,13522.543910752862,18637.98532599231,9449.39915260426,15542.571771430723,17451.69646690638,34625.7251014509,0.41133683884071054
min,10000.0,1.0,1.0,1.0,22.0,-2.0,-2.0,-2.0,-2.0,-2.0,-2.0,-2000.0,-9850.0,-9850.0,-946.0,-28335.0,-339603.0,0.0,0.0,0.0,0.0,0.0,0.0,0.0
25%,60000.0,1.0,3.0,1.0,28.0,-1.0,-1.0,-1.0,-1.0,-1.0,-1.0,2949.75,3251.5,1675.5,1258.5,959.25,1036.5,1004.5,316.0,215.75,0.0,279.25,0.0,0.0
50%,140000.0,2.0,3.0,2.0,33.0,0.0,0.0,0.0,0.0,0.0,0.0,23264.0,22118.5,18830.0,17074.0,16847.5,16057.0,2392.5,1696.5,1100.0,1021.0,1325.5,1315.5,0.0
75%,230000.0,2.0,4.0,2.0,40.0,0.0,0.0,0.0,0.0,0.0,0.0,64653.25,61473.5,59043.5,49393.0,46847.5,46892.5,5600.0,4501.5,3515.75,3021.25,3739.75,4000.0,0.0
max,700000.0,2.0,4.0,3.0,63.0,8.0,7.0,7.0,7.0,7.0,7.0,507062.0,491956.0,479432.0,628699.0,483003.0,473944.0,199646.0,285138.0,130000.0,188840.0,184922.0,528666.0,1.0
