,precision,recall,f1-score,support
non-default,0.8421052631578947,0.7804878048780488,0.810126582278481,164.0
weighted avg,0.7355263157894737,0.7,0.7157323688969258,200.0
accuracy,0.7,0.7,0.7,0.7
macro avg,0.5460526315789473,0.556910569105691,0.5479204339963833,200.0
default,0.25,0.3333333333333333,0.28571428571428575,36.0
