,precision,recall,f1-score,support
non-default,0.8399113082039912,0.8094017094017094,0.8243743199129488,4680.0
weighted avg,0.7434261224125359,0.731,0.7366489802082566,6000.0
accuracy,0.731,0.731,0.731,0.731
macro avg,0.6206267950415929,0.6312160062160062,0.6249985478568303,6000.0
default,0.40134228187919463,0.453030303030303,0.42562277580071173,1320.0
