,precision,recall,f1-score,support
non-default,0.8704079332882578,0.8252136752136752,0.847208511571789,4680.0
weighted avg,0.7837806319827554,0.7678333333333334,0.7745236449226308,6000.0
accuracy,0.7678333333333334,0.7678333333333334,0.7678333333333334,0.7678333333333334
macro avg,0.6735277030484795,0.6948038073038073,0.6820156328237024,6000.0
default,0.47664747280870123,0.5643939393939394,0.5168227540756156,1320.0
