,precision,recall,f1-score,support
non-default,0.8535353535353535,0.7161016949152542,0.7788018433179723,472.0
weighted avg,0.7446504258268963,0.68,0.7026172894342345,600.0
accuracy,0.68,0.68,0.68,0.68
macro avg,0.5983363042186571,0.6314883474576272,0.6002442951529621,600.0
default,0.3431372549019608,0.546875,0.42168674698795183,128.0
