,train_f1_score,test_f1_score
dummy_classifier,0.0,0.0
svc,0.535,0.5168227540756156
knn,0.445,0.4577259475218659
logistic_regression,0.479,0.470822658696271
random_forest,0.542,0.5270783028630562
