,train_f1_score,test_f1_score
dummy_classifier,0.0,0.0
svc,0.342,0.2857142857142857
knn,0.226,0.1395348837209302
logistic_regression,0.462,0.3846153846153846
random_forest,0.438,0.4594594594594595
