,train_f1_score,test_f1_score
dummy_classifier,0.0,0.0
svc,0.435,0.4216867469879518
knn,0.185,0.2469135802469136
logistic_regression,0.424,0.3880597014925372
random_forest,0.383,0.435483870967742
